key,value,
Language,Язык,
FROM AROUND\nTHE WORLD,СО ВСЕГО МИРА,
Continue,Продолжить,
Share your talent with the\npeople around the world\nand build your healthy fanbase.,Делитесь своим талантом с людьми по всему миру и создавайте свою фан-базу.,
Next,Далее,
GET\nAPPRECIATED,ПОЛУЧАЙТЕ ПРИЗНАНИЕ,
Select,Выбрать,
"Collect likes and comments\nfrom your fans, which boosts\nyou to create more content!","Собирайте лайки и комментарии от фанатов, это вдохновит вас создавать больше контента!",
MULTIPLE SOCIAL\nGATEWAYS,МНОЖЕСТВО СОЦИАЛЬНЫХ ВОЗМОЖНОСТЕЙ,
"Post Reels, Images, Videos, Go\nLive. Choose any way\nfits to you & your audience!","Публикуйте рилы, фото, видео, ведите трансляции. Выбирайте то, что подходит вам и вашей аудитории!",
Nearby,Рядом,
Following,Подписки,
Followers Only,Только подписчики,
Everyone,Все,
Follow,Подписаться,
More,Ещё,
Less,Меньше,
Comments,Комментарии,
Reply,Ответить,
Likes,Лайки,
View,Смотреть,
Hide,Скрыть,
Replies,Ответы,
Views,Просмотры,
POST,ОПУБЛИКОВАТЬ,
Posts,Публикации,
Write here,Напишите здесь,
What do you think,Что вы думаете?,
Replying to,Ответ для,
"Coins You Have,",Ваши монеты:,
Coins,Монеты,
Coin,Монета,
Send,Отправить,
Send Gifts,Отправить подарки,
"Your gift has been sent,","Ваш подарок отправлен,",
Successfully,Успешно,
Check Videos,Смотреть видео,
Audio Details,Информация о звуке,
Make Reel,Создать рил,
Reels,Рилы,
Report @reportType,Пожаловаться @reportType,
Report,Пожаловаться,
Country,Страна,
Description,Описание,
Submit,Отправить,
"By proceeding forward, You agree to the,","Продолжая, вы соглашаетесь с",
Privacy Policy,Политикой конфиденциальности,
and,и,
Terms of Use,Условиями использования,
Description here..,Описание здесь...,
SIGN IN,ВОЙТИ,
TO CONTINUE,ДЛЯ ПРОДОЛЖЕНИЯ,
Enter Your Email,Введите email,
Enter Password,Введите пароль,
Forget Password?,Забыли пароль?,
Log in,Войти,
Log out,Выйти,
Delete Account,Удалить аккаунт,
Create account here!,Создать аккаунт!,
Continue With,Продолжить с,
SIGN UP &,ЗАРЕГИСТРИРУЙТЕСЬ И,
START JOURNEY,НАЧНИТЕ ПУТЕШЕСТВИЕ,
Full Name,Полное имя,
Email,Email,
Password,Пароль,
Re-Type Password,Повторите пароль,
Enter here..,Введите здесь...,
Create Account,Создать аккаунт,
Enter Full Name,Введите полное имя,
LIVESTREAMS,ТРАНСЛЯЦИИ,
Search here..,Искать здесь...,
Viewers,Зрители,
Messages,Сообщения,
Message,Сообщение,
Chats,Чаты,
Requests,Запросы,
Followers,Подписчики,
LVL,УРОВЕНЬ,
Settings,Настройки,
Open Setting,Открыть настройки,
Publish,Опубликовать,
Website,Веб-сайт,
Instagram,Instagram,
Youtube,YouTube,
Shop Now,Купить сейчас,
Feed,Лента,
Activity,Активность,
System,Система,
Story,История,
Unfollow,Отписаться,
Go Live,Начать трансляцию,
Levels,Уровни,
"Gather more coins, ascend to new heights, and proudly showcase your badge on your profile for all to admire.","Зарабатывайте монеты, повышайте уровень и демонстрируйте значок в профиле.",
Level,Уровень,
Collection,Коллекция,
You,Вы,
Become,Стать,
PLUS+,PLUS+,
Personal,Личное,
Edit Profile,Редактировать профиль,
Saved Posts,Сохранённые,
Languages,Языки,
Blocked Users,Заблокированные,
My QR Code,Мой QR-код,
Coin Wallet,Кошелёк,
Privacy,Конфиденциальность,
Who Can See Posts,Кто видит публикации,
Show My Followings,Показывать подписки,
Show Chat Button,Показывать кнопку чата,
Notifications,Уведомления,
General,Основные,
Post Likes,Лайки,
Comments On Post,Комментарии,
Mentions,Упоминания,
Gifts Received,Подарки,
Chat Message,Сообщения,
Subscribe to Plus and have \nad-free experience and verified\nicon on your profile.,Подписка PLUS убирает рекламу и даёт значок верификации.,
No Ads,Без рекламы,
Get Verified,Верификация,
Subscribe Now,Подписаться,
The subscription renews automatically as per the plan unless cancelled within 24 hours before the end of the current period. You can manage and cancel subscriptions anytime from the app store/play store settings.,"Подписка продлевается автоматически, если не отменена за 24 часа до окончания периода.",
User ID,ID пользователя,
Profile Image,Фото профиля,
Username,Имя пользователя,
Bio,Био,
Phone Number,Телефон,
Links,Ссылки,
Link,Ссылка,
Title,Название,
Add Link,Добавить ссылку,
Edit Link,Изменить ссылку,
Edit,Изменить,
Delete,Удалить,
Save,Сохранить,
Share,Поделиться,
Share Post,Поделиться постом,
Pin,Закрепить,
Unpin,Открепить,
Block,Блокировать,
UnBlock,Разблокировать,
Scan This code\nto check the profile,Отсканируйте QR-код для просмотра профиля,
Balance,Баланс,
Collected*,Заработано*,
Gifted*,Подарено*,
GIF,GIF,
Purchased*,Куплено*,
Coin Shop,Магазин монет,
Recharge your wallet. And\nsend gifts to your favorite creators.,Пополняйте кошелёк и отправляйте подарки авторам.,
Purchase,Покупка,
Withdrawals,Вывод,
Request Withdrawal,Запросить вывод,
Pending,В ожидании,
Completed,Завершено,
Rejected,Отклонено,
Coin Balance,Баланс монет,
Estimated Value,Примерная сумма,
Estimated Amount,Расчетная сумма,
Amount,Сумма,
Enter Coin Amount..,Введите количество монет...,
Converted Amount,Конвертированная сумма,
Create Feed,Создать пост,
Write something here..,Напишите что-нибудь...,
Mention,Упомянуть,
Hashtags,Хэштеги,
Location,Местоположение,
Allow Comments,Разрешить комментарии,
Select Music,Выбрать музыку,
Explore,Обзор,
Categories,Категории,
Saved,Сохранённые,
Preview,Предпросмотр,
Change Cover,Изменить обложку,
Upload Now,Загрузить сейчас,
Discard,Отменить,
Done,Готово,
Font Family,Шрифт,
Type Something...,Введите текст...,
Users,Пользователи,
User,Пользователь,
Places,Места,
Enter Live Stream Title...,Название трансляции...,
Start Live,Начать трансляцию,
Stop,Остановить,
Start Battle,Начать битву,
Battle\nStarting\nin,Битва\nначнётся\nчерез,
Cancel,Отмена,
Yes,Да,
Members,Участники,
Audience,Зрители,
Invited,Приглашённые,
Invite,Пригласить,
Co-hosts,Соведущие,
Refuse,Отклонить,
Accept,Принять,
Host,Ведущий,
Guest,Гость,
Victory,Победа,
Defeat,Поражение,
Streamed For,Время трансляции,
Followers Gained,Новые подписчики,
Total Coins Collected,Всего монет,
Go Home,На главную,
Stream Ended!,Трансляция окончена!,
Your Stream Ended!,Ваша трансляция завершена!,
Below is the summary of your stream!,Вот статистика вашей трансляции:,
From Battle,Из битвы,
Live,В эфире,
Check Profile,Профиль,
You are sending coins to @color Participant,Вы отправляете монеты участнику @color,
You will be sent back to main view in...,Вы будете перенаправлены через...,
The live stream has ended because min. @viewers_count viewers are required to keep it going.,Трансляция завершена из-за недостатка зрителей (минимум @viewers_count).,
Please enter an email. The email field is empty.,Введите email. Поле пустое.,
Please enter a password. The password field is empty.,Введите пароль. Поле пустое.,
No user found with that email. Please register with this email.,Пользователь не найден. Зарегистрируйтесь.,
Incorrect password provided for this user.,Неверный пароль.,
The password provided is too weak.,Слишком слабый пароль.,
The account already exists for that email.,Аккаунт с таким email уже существует.,
Please enter a full name. The full name field is empty.,Введите имя. Поле пустое.,
Please enter a username. The username field is empty.,Введите имя пользователя. Поле пустое.,
Please enter a URL link. The link field is empty.,Введите ссылку. Поле пустое.,
Please enter a valid URL link,Некорректная ссылка.,
Please enter a title. The title field is empty.,Введите название. Поле пустое.,
Please enter a valid username.,Некорректное имя пользователя.,
Please confirm your password. The confirm password field is empty.,Подтвердите пароль. Поле пустое.,
The password and confirm password do not match.,Пароли не совпадают.,
The email is incorrect. Please enter a valid email.,Некорректный email.,
A verification link has been sent to your email. Please verify the link to log in.,Ссылка для подтверждения отправлена на email.,
"Please verify your email first, then proceed to log in.",Сначала подтвердите email.,
Delete Link?,Удалить ссылку?,
Phone Code,Код телефона,
No Data Found,Данных нет,
Are you sure you want to delete this link? This action cannot be undone.,Удалить ссылку? Это действие необратимо.,
Uploading post...,Загрузка поста...,
Uploading story...,Загрузка истории...,
Post uploaded successfully.,Пост загружен.,
Story uploaded successfully.,История загружена.,
Uploading failed.,Ошибка загрузки.,
Add Filter,Добавить фильтр,
Apply to all,Применить ко всем,
An error occurred while applying the video filter.,Ошибка применения фильтра.,
An error occurred while compress the video.,Ошибка сжатия видео.,
Delete Post?,Удалить пост?,
"Are you sure you want to delete this post? Once deleted, it cannot be restored.",Пост будет удалён безвозвратно.,
Your post has been pinned.,Пост закреплён.,
Your post has been unpinned.,Пост откреплён.,
You can pin maximum @pin_count post.,Максимум @pin_count постов.,
You can pin maximum @pin_comment_count comment.,Максимум @pin_comment_count комментариев.,
A reset password link has been sent to your email. Please use it to reset your password.,Ссылка для сброса пароля отправлена.,
Copyright Infringement,Нарушение авторских прав,
Hate Speech,Разжигание ненависти,
Harassment or Bullying,Травля,
Violence or Threats,Насилие,
Nudity or Sexual Content,Контент 18+,
Terrorism or Extremist Content,Экстремизм,
Scams or Fraud,Мошенничество,
Spam,Спам,
Impersonation,Фейк,
Misinformation,Дезинформация,
Reason,Причина,
Please provide a detailed reason for the report.,Опишите причину жалобы.,
Report submitted successfully.,Жалоба отправлена.,
Block @username!,Заблокировать @username!,
UnBlock @username!,Разблокировать @username!,
"Are you sure you want to block this user? You will no longer see their followers or following, and they won't be able to view your profile, photos, or posts. Once blocked, this user will no longer be able to chat with you, and you won’t be able to chat with them either.",Вы больше не увидите этого пользователя и его контент. Он не сможет писать вам.,
"Once unblocked, this user will be able to chat with you again, and you can chat with them as well. They will also be able to see your profile, photos, and posts, and you will be able to view their followers and following.",После разблокировки пользователь сможет писать вам и видеть ваш профиль.,
You are bock this user,Вы заблокировали этого пользователя.,
This user is freeze,Аккаунт заблокирован.,
Delete Comment!,Удалить комментарий!,
Delete Reply Comment!,Удалить ответ!,
Are you sure you want to delete this comment? This action cannot be undone.,Комментарий будет удалён безвозвратно.,
"Do you really want to delete your account? All of your data will be deleted, and you won’t be able to recover it again!",Удалить аккаунт? Все данные будут потеряны.,
Do you really want to proceed?,Вы уверены?,
Are you sure you want to log out? You will need to log in again to access your account.,Выйти из аккаунта? Требуется повторный вход.,
Logout!,Выход!,
Delete Your Account!,Удаление аккаунта!,
There is nothing we can show you for now.,Пока ничего нет.,
music,музыка,
Discard edits?,Отменить изменения?,
Start Again?,Начать заново?,
Start Again,Начать заново,
"If you go back now, you'll lose all the edits you've made.",Все изменения будут потеряны.,
"If you go back now, you'll lose this draft",Черновик будет удалён.,
Discover,Открытия,
No location found.,Место не найдено.,
Start searching for a location.,Начните поиск места.,
Only,Только,
Current Value,Текущее значение,
Account Details,Детали аккаунта,
Select Gateway,Выбрать платёжную систему,
You cannot enter more than @coin coins!,Максимум @coin монет.,
Redeem gateway not found.,Платёжная система не найдена.,
Record up to @second seconds.,Максимальная длина @second секунд.,
Allow Camera & Microphone Access,Разрешите доступ к камере и микрофону.,
"To capture photos, record videos, and use voice features, @app_name needs access to your camera and microphone. Please grant permission in your device settings.",Для съёмки фото/видео и использования голоса приложению нужен доступ к камере и микрофону.,
Open setting,Открыть настройки,
Delete Story?,Удалить историю?,
Are you sure you want to delete this story?,История будет удалена.,
Are you sure you want to delete this text?,Удалить текст?,
Music download failed.,Ошибка загрузки музыки.,
View More,Ещё,
Download completed successfully!,Загрузка завершена.,
Download has started...,Загрузка началась.,
User not found.,Пользователь не найден.,
Delete Message?,Удалить сообщение?,
Delete @user_name?,Удалить @user_name?,
"After deleting this user, you will not be able to restore the chat.",Чат нельзя будет восстановить.,
This message will be deleted only for you. The other person will still be able to see it. Do you want to continue?,Сообщение удалится только у вас. Продолжить?,
Send Media,Отправить медиа,
Select Media,Выбрать медиа,
Video,Видео,
Image,Фото,
You received a gift!,Вам подарок!,
You have sent a gift!,Вы отправили подарок!,
Enable Microphone Access,Включить микрофон,
Enable Camera and Microphone Access,Включить камеру и микрофон,
Enable photos and videos access,Доступ к медиа,
"To Share photos and videos, @app_name needs access to Storage on your device.",Для обмена фото/видео нужно разрешение на доступ к хранилищу.,
You'll need to enable camera and microphone access in your settings to send a photo or video message.,Для отправки фото/видео включите камеру и микрофон., aby wysłać wiadomość ze zdjęciem lub wideo.
You'll need to enable microphone access in your settings to send a voice message.,Для голосовых сообщений включите микрофон., aby wysłać wiadomość głosową.
Settings,Настройки,
Delete for you,Удалить у себя,
Unsend,Отменить отправку,
You can share with up to @share_chat_limit chats.,Максимум @share_chat_limit чатов.,
@chat_user_name wants to chat with you. Approve it if you want to chat.,@chat_user_name хочет с вами чатиться.,
You cannot send messages to this account unless you unblock them.,Вы не можете писать заблокированным пользователям.,
You Blocked @block_user_name \nYou cannot send messages to this account unless you unblock them.,Вы заблокировали @block_user_name.,
You are blocked by this user.,Вы заблокированы.,
Copied to clipboard.,Скопировано.,
Message sent,Сообщение отправлено.,
Story unavailable,История недоступна.,
Delete Music?,Удалить музыку?,
Are you sure you want to delete this music? This action cannot be undone.,Музыка будет удалена безвозвратно.,
Session Expired – Logged in on Another Device,Сеанс завершён (вход с другого устройства),
"For security reasons, @app_name allows only one active session per account. It looks like you logged in on another device using the same email. To protect your account, we have automatically logged you out from this device.\n\nIf this wasn’t you, please log in again. You can change your password from the login screen if needed.",Возможна только одна активная сессия. Вы были автоматически вышли.,
Your Account Has Been Frozen,Ваш аккаунт заблокирован,
Request to Unfreeze My Account,Запрос на разблокировку,
"We're sorry, but it looks like your account has been temporarily frozen. This might be due to unusual activity or a policy-related concern.\n\nFor your security and to ensure proper access, your account has been placed on hold. You won’t be able to use the app until the issue is resolved.\n\nTo unfreeze your account or to get more information, please reach out to our support team at @support_mail. We’re here to assist you and will do our best to help you get back up and running as quickly as possible.\n\nThank you for your patience and understanding.",Аккаунт временно заблокирован. Обратитесь в поддержку: @support_mail.,
Text is rejected because it includes such things: ,Текст отклонён (содержит):,
Media is rejected because it contains such things: ,Медиа отклонено (содержит):,
Restrict users requests to join.,Ограничить запросы.,
End This Stream!,Завершить трансляцию!,
Do you really want to end this streaming?,Вы уверены?,
End Battle?,Завершить битву?,
Are you sure you want to stop the battle? This action can’t be undone.,Битву нельзя будет возобновить.,
No Join Requests Yet,Нет запросов,
View and manage audience requests to join the live stream.,Запросы на участие появятся здесь.,
No Viewers Yet,Нет зрителей,
Audience members will appear here when they join your live stream.,Зрители появятся здесь.,
No One Invited,Нет приглашённых,
You haven’t invited anyone yet. Invited users will be listed here.,Приглашённые появятся здесь.,
No Co-hosts Yet,Нет соведущих,
Co-hosts will appear here once they accept your invitation.,Соведущие появятся здесь.,
You are sending coins to the above user.,Вы отправляете монеты.,
No Live Streams Yet,Нет трансляций,
Live streams will appear here when someone goes live.,Трансляции появятся здесь.,
No Reels Yet,Нет рилов,
This user hasn’t posted any reels so far.,Пользователь ещё не публиковал рилы.,
You Haven’t Shared Any Posts,Нет публикаций,
Start posting to share your moments with the community.,Начните делиться моментами.,
No Posts Yet,Нет постов,
This user hasn’t shared any posts so far.,Пользователь ещё не публиковал.,
Start a Conversation,Начните общение,
Your chats will show up here once you start messaging someone.,Чаты появятся здесь.,
No Requests Right Now,Нет запросов,
New chat requests will appear here when someone messages you.,Запросы появятся здесь.,
Your request to join the live stream is pending approval.,Ожидание подтверждения,
Joined the stream,Присоединился,
Join,Присоединиться,
wants you to be in this live video,"хочет, чтобы вы присоединились",
requesting to join the stream.,хочет участвовать.,
The host has declined your request to join the live stream.,Ведущий отклонил запрос.,
Your request to join the live stream has been sent to the host.,Запрос отправлен ведущему.,
Exit live stream?,Выйти из трансляции?,
"If you check this profile, you will exit the live stream.",Вы перейдёте в профиль и выйдете из трансляции.,
You can’t leave the live stream while a battle is in progress.,Нельзя выйти во время битвы.,
Get Back,Назад,
Exit Live Stream?,Выйти из трансляции?,
"Are you sure you want to leave the live stream?\nIf the stream has ended, you won't be able to join again. ","Вы уверены? Если трансляция завершится, вы не сможете вернуться.",
Scan QR Code,Сканировать QR-код,
Scan the QR of the profile you want to search.,Отсканируйте QR-код профиля.,
Upload From Gallery,Загрузить из галереи,
Nothing to Watch Yet,Пока ничего нет,
Reels will appear here once new content is shared.,Рилы появятся здесь.,
Nothing to Show Yet,Ничего не найдено,
Explore content by entering keywords in the search bar above.,Используйте поиск.,
km,км,
an artist based in Portland. I find inspiration in nature and urban life. Let’s connect and create something beautiful! 🌿🖌️,Художник из Портленда. Вдохновляюсь природой и городом. Давайте создавать вместе! 🌿🖌️,
Video path not found.,Видео не найдено.,
has liked your post,лайкнул(а) ваш пост,
liked your comment.,лайкнул(а) комментарий,
has commented on your post : @comment_description,прокомментировал(а): @comment_description,
has commented on your post with a GIF.,прокомментировал(а) с GIF,
@username replied to your comment : @comment_description,@username ответил(а): @comment_description,
has mentioned you in post.,упомянул(а) вас,
Mentioned you in comment,Упомянул(а) в комментарии,
has started following you,подписался(ась),
has reply mentioned you in comment : @comment_description,ответил(а) с упоминанием: @comment_description,
has sent you gift,отправил(а) подарок,
No Comments Yet,Нет комментариев,
This post doesn’t have any comments. Join in and share your thoughts.,Будьте первым!,
Post sent successfully,Пост опубликован,
Search @brand_name,Поиск @brand_name,
Find Reels Around You,Рилы рядом,
Allow location access to explore reels shared by people near you.,Включите геолокацию для просмотра рилов рядом.,
Location Services Are Still Disabled,Геолокация отключена,
"To see nearby reels, please turn on location services in your device settings.",Включите геолокацию в настройках.,
See places near you.,Места рядом,
"To include nearby places, turn on location services.",Включите геолокацию.,
Turn on Location Services,Включить геолокацию,
Nothing To Show Here,Нет данных,
This user has decided not to show their followings.,Пользователь скрыл подписки.,
No Blocked Users,Нет заблокированных,
Users you block will appear here. You haven’t blocked anyone yet.,Заблокированные появятся здесь.,
You need to reach the minimum coin amount before you can redeem.,Недостаточно монет.,
No Users Found,Пользователи не найдены,
Users will appear here when available.,Пользователи появятся здесь.,
Freeze,Заблокировать,
UnFreeze,Разблокировать,
This profile has been temporarily frozen due to policy violations or suspicious activity. Access is restricted until review is complete.,Аккаунт заблокирован за нарушения.,
Profile Unavailable,Профиль недоступен,
Admin,Админ,
Days,Дней,
Weeks,Недель,
Months,Месяцев,
Years,Лет,
Day,День,
Week,Неделя,
Month,Месяц,
Year,Год,
Lifetime,Навсегда,
Annual,Годовая,
6 Month,6 месяцев,
3 Month,3 месяца,
2 Month,2 месяца,
Monthly,Месячная,
Weekly,Недельная,
@price / Month. Billed @unit_label,@price / месяц. Оплата @unit_label,
Give it a try,Попробовать,
@count @get_period Free trial,@count @get_period бесплатно,
Annually,Годовая,
Semi Annually,Полугодовая,
Three Months,Квартальная,
Two Months,Двухмесячная,
The host has cancelled your invitation. You can no longer join the live stream.,Ведущий отменил приглашение.,
joined as a co-host,стал(а) соведущим,
Min. @count Followers needed to go Live,Минимум @count подписчиков для трансляции,
You can add only @limit links in the profile.,Максимум @limit ссылок.,
Refresh,Обновить,
Lost,Поражение,
Connection,Нет соединения,
It looks like you are not\nconnected to the internet,"Кажется, вы оффлайн",
Download failed.,Ошибка загрузки,
From,От,
Something went wrong.,Что-то пошло не так.,
🎉 Welcome Bonus Credited to Your Wallet!,🎉 Бонус за регистрацию!,
You've earned your registration bonus! Enjoy your coins and start exploring now!,Вам начислены бонусные монеты!,
You are,Вы,
member,участник,
Oops!! Battle Ended Please wait for a while..,Битва завершена. Подождите...,
"Hey, @name is now live","Эй, @name в эфире!",
Hurry up and join before it ends.,Успейте присоединиться.,
Livestream has ended.,Трансляция завершена.,